customer_id,company_name,industry,region,segment,signup_date,product_primary,tier,channel,seats_committed,seats_active_90d,utilization_rate_90d,feature_adoption_rate,support_tickets_90d,major_incidents_180d,failed_payments_180d,discount_pct,mrr_usd,contract_start,contract_end,contract_term_months,customer_tenure_months,renewal_window_flag,churn,churn_probability_percent,services_used_count,feedback
1,Erickson-Dixon,Manufacturing,NE,Enterprise,2024-08-26,SIEM,Pro,Partner,5993,3648,0.609,0.55,3,0,1,0.216,78465.15,2024-09-28,2025-09-28,12,11,1,0,1,8,The product delivers value; planning to expand usage.
2,"Lewis, Brooks and Mcdaniel",Finance,West,Mid-Market,2023-12-13,XDR,Enterprise,Direct,52,21,0.41,0.677,2,0,0,0.152,1426.06,2024-02-28,2025-02-27,12,18,0,0,1,7,Support and product quality have been solid.
3,Watson Inc,Healthcare,NE,Enterprise,2023-11-28,XDR,Pro,Direct,492,112,0.227,0.655,2,0,0,0.155,9424.83,2023-12-10,2024-12-09,12,12,0,0,1,8,Great experience so far; features are meeting our needs.
4,Wright Ltd,Healthcare,West,SMB,2024-12-17,EDR,Pro,Direct,51,3,0.05,0.51,4,0,0,0.079,567.88,2025-01-22,2026-01-22,12,7,0,1,61,4,Results are inconsistent across teams; need clearer ROI. Pain points: low usage.
5,"Stevens, Thompson and Brown",Technology,SE,SMB,2024-12-07,EDR,Pro,Direct,37,20,0.549,0.727,5,0,0,0.155,372.05,2025-01-20,2026-01-20,12,7,0,0,1,8,Support and product quality have been solid.
6,"Hanson, Murphy and White",Media,West,Mid-Market,2025-07-06,SOAR,Pro,Partner,55,51,0.927,0.296,2,0,0,0.197,1218.95,2025-08-20,2026-08-20,12,0,0,0,1,8,Great experience so far; features are meeting our needs.
7,Hill-Miller,Media,NE,SMB,2025-05-21,WAF,Standard,Direct,104,47,0.456,0.508,3,0,0,0.094,994.06,2025-06-04,2027-06-04,24,3,0,0,1,6,Support and product quality have been solid.
8,"Mccall, Gonzalez and Montoya",Retail,SE,Enterprise,2025-04-22,SIEM,Standard,Online,374,118,0.314,0.699,2,0,0,0.168,3861.59,2025-06-02,2026-06-02,12,3,0,0,1,9,Happy with the service; adoption is growing.
9,Sanchez PLC,Retail,SE,SMB,2025-04-05,DLP,Enterprise,Partner,55,31,0.563,0.756,0,0,1,0.135,863.96,2025-06-26,2026-06-26,12,2,0,0,1,7,Happy with the service; adoption is growing.
10,"Lara, Cox and Osborn",Technology,MW,Mid-Market,2024-01-13,SASE,Standard,Direct,285,53,0.186,0.449,2,0,0,0.107,3675.05,2024-04-02,2025-04-02,12,12,0,1,54,6,Results are inconsistent across teams; need clearer ROI. Pain points: low usage.
11,Lee LLC,Finance,NE,Mid-Market,2024-01-07,SOAR,Standard,Partner,419,189,0.452,0.97,1,0,0,0.182,6498.39,2024-01-11,2025-01-10,12,18,0,0,1,10,The product delivers value; planning to expand usage.
12,"Thomas, Russell and Green",Government,SW,SMB,2025-06-24,IAM,Pro,Partner,38,23,0.609,0.768,0,0,0,0.168,495.42,2025-08-04,2026-08-04,12,1,0,0,1,8,Happy with the service; adoption is growing.
13,"Carpenter, Peterson and Webb",Telecom,MW,SMB,2024-08-16,SOAR,Pro,Direct,21,16,0.778,0.121,2,0,0,0.106,465.78,2024-11-06,2026-11-06,24,10,0,0,8,5,The product delivers value; planning to expand usage.
14,Rogers-Rowe,Healthcare,SE,SMB,2024-08-01,SASE,Pro,Direct,42,33,0.793,0.467,5,1,1,0.092,794.75,2024-10-19,2025-10-19,12,11,1,0,1,7,The product delivers value; planning to expand usage.
15,"Mcdonald, Walker and Fischer",Technology,MW,Mid-Market,2023-12-22,WAF,Enterprise,Partner,459,215,0.469,0.63,1,2,0,0.164,7586.22,2024-01-21,2025-01-20,12,12,0,0,1,8,Great experience so far; features are meeting our needs.
16,Anderson-Marks,Media,NE,SMB,2025-01-01,SASE,Standard,Online,49,26,0.531,0.228,3,0,1,0.029,732.24,2025-03-26,2026-03-26,12,5,0,0,7,6,The product delivers value; planning to expand usage.
17,Aguilar Group,Education,SE,SMB,2025-03-07,DLP,Standard,Direct,57,36,0.636,1.0,4,0,0,0.079,470.37,2025-04-11,2026-04-11,12,5,0,0,1,9,Support and product quality have been solid.
18,Hunt PLC,Media,NE,SMB,2025-02-11,SIEM,Standard,Partner,38,37,0.968,0.69,4,2,0,0.178,382.33,2025-04-07,2026-04-07,12,5,0,1,32,9,Support and product quality have been solid.
19,Cole-Le,Energy,MW,Mid-Market,2025-04-23,MDR,Enterprise,Direct,113,83,0.735,0.348,0,0,1,0.172,3728.53,2025-06-13,2026-06-13,12,3,0,0,1,8,Great experience so far; features are meeting our needs.
20,Ellis Group,Technology,West,Mid-Market,2024-09-12,SASE,Enterprise,Direct,530,146,0.275,0.524,2,1,0,0.115,12927.02,2024-11-04,2026-11-04,24,10,0,0,1,7,Happy with the service; adoption is growing.
21,Newton-Smith,Finance,MW,SMB,2025-01-09,EmailSecurity,Enterprise,Partner,15,11,0.73,0.607,1,0,0,0.172,148.17,2025-02-18,2026-02-18,12,7,0,0,1,8,The product delivers value; planning to expand usage.
22,Burton-Green,Finance,MW,Mid-Market,2025-01-27,SIEM,Enterprise,Direct,208,146,0.7,0.668,1,0,0,0.142,4110.03,2025-02-16,2026-02-16,12,7,0,0,1,8,Great experience so far; features are meeting our needs.
23,Williams Group,Government,SW,Mid-Market,2025-07-23,DLP,Standard,Direct,140,17,0.125,0.339,2,1,0,0.149,1156.85,2025-08-20,2027-08-20,24,0,0,1,57,5,"Mixed experience so far; some teams see value, others struggle. Pain points: low usage, limited feature value."
24,Morgan-Jones,Telecom,MW,Mid-Market,2024-07-17,WAF,Enterprise,Direct,201,125,0.623,0.788,1,1,1,0.102,3263.4,2024-07-30,2025-07-30,12,13,1,0,1,10,Happy with the service; adoption is growing.
25,Mercer-Rodriguez,Retail,West,Enterprise,2023-10-23,MDR,Standard,Partner,378,336,0.888,0.439,2,0,0,0.241,6897.12,2023-12-06,2024-12-05,12,12,0,0,1,9,Great experience so far; features are meeting our needs.
26,Beltran PLC,Healthcare,MW,SMB,2024-01-27,EmailSecurity,Standard,Direct,52,44,0.837,0.291,1,0,0,0.083,292.3,2024-03-14,2025-03-14,12,6,0,0,1,7,Great experience so far; features are meeting our needs.
27,"King, Carlson and Bailey",Manufacturing,SW,Mid-Market,2024-02-09,DLP,Pro,Direct,638,560,0.878,0.725,4,0,0,0.17,7328.83,2024-04-14,2026-04-14,24,12,0,0,1,9,The product delivers value; planning to expand usage. Usage and adoption are strong across teams.
28,Torres-Ramirez,Manufacturing,MW,SMB,2023-12-21,SIEM,Pro,Partner,47,23,0.498,0.517,2,1,0,0.172,683.75,2024-02-07,2025-02-06,12,12,0,0,1,6,The product delivers value; planning to expand usage.
29,Reyes Group,Energy,MW,Mid-Market,2024-02-17,EDR,Standard,Online,154,106,0.688,0.244,7,0,1,0.095,1163.74,2024-05-01,2025-05-01,12,16,0,1,57,6,"Results are inconsistent across teams; need clearer ROI. Pain points: support responsiveness, limited feature value."
30,"Hinton, Peters and Flores",Government,SW,Enterprise,2024-11-28,SASE,Standard,Direct,1082,656,0.606,0.461,1,0,0,0.102,14866.03,2025-01-17,2026-01-17,12,8,0,0,1,9,Happy with the service; adoption is growing.
31,Johnson-Kim,Healthcare,SE,SMB,2024-05-23,WAF,Standard,Partner,20,16,0.778,0.897,1,1,0,0.167,178.43,2024-07-22,2025-07-22,12,13,1,0,1,9,Great experience so far; features are meeting our needs. Usage and adoption are strong across teams.
32,Adams Group,Technology,West,SMB,2025-08-04,SASE,Pro,Direct,36,2,0.056,0.675,1,0,0,0.157,624.56,2025-08-20,2026-08-20,12,0,0,0,4,6,Support and product quality have been solid.
33,Kim PLC,Finance,SW,SMB,2024-04-03,XDR,Pro,Partner,46,33,0.72,0.593,4,0,0,0.189,891.61,2024-05-02,2025-05-02,12,12,0,0,1,7,The product delivers value; planning to expand usage.
34,Elliott Group,Technology,SE,SMB,2025-03-30,DLP,Pro,Online,31,17,0.559,0.539,2,0,0,0.014,405.0,2025-05-04,2026-05-04,12,4,0,1,41,6,"Mixed experience so far; some teams see value, others struggle."
35,House Group,Media,NE,Enterprise,2025-09-06,XDR,Standard,Direct,654,507,0.775,0.607,1,1,1,0.119,9622.11,2025-08-20,2026-08-20,12,0,0,0,1,9,Support and product quality have been solid.
36,Jones-Kelley,Education,West,Enterprise,2025-01-09,XDR,Enterprise,Direct,742,361,0.487,0.439,2,0,0,0.206,19241.57,2025-01-26,2026-01-26,12,7,0,0,1,8,Great experience so far; features are meeting our needs.
37,"Meyer, Bailey and Arnold",Manufacturing,SW,SMB,2024-11-04,IAM,Pro,Direct,54,25,0.472,0.367,2,0,0,0.087,722.77,2025-01-26,2026-01-26,12,7,0,1,53,6,"Mixed experience so far; some teams see value, others struggle. Pain points: limited feature value."
38,Reyes PLC,Healthcare,SE,SMB,2025-07-10,EmailSecurity,Standard,Direct,9,1,0.055,0.495,1,0,0,0.115,47.07,2025-08-20,2027-08-20,24,0,0,0,6,4,The product delivers value; planning to expand usage.
39,Davis-Barnes,Retail,NE,SMB,2024-12-24,SASE,Enterprise,Partner,40,14,0.348,0.746,3,1,0,0.158,873.66,2025-03-11,2028-03-09,36,6,0,0,1,6,The product delivers value; planning to expand usage.
40,"Holmes, Barber and Buchanan",Healthcare,NE,SMB,2024-01-12,SIEM,Pro,Partner,41,2,0.05,0.349,1,0,0,0.202,587.29,2024-02-06,2025-02-05,12,19,0,0,12,4,Support and product quality have been solid.
41,Sheppard and Sons,Finance,SE,Mid-Market,2024-10-06,SASE,Pro,Partner,190,136,0.715,0.061,3,0,0,0.154,3200.33,2024-12-16,2025-12-16,12,9,0,0,1,7,The product delivers value; planning to expand usage.
42,"Burns, King and Chapman",Technology,MW,SMB,2025-06-19,DLP,Standard,Direct,34,16,0.456,0.654,3,0,0,0.103,281.19,2025-08-17,2027-08-17,24,1,0,0,1,6,Support and product quality have been solid.
43,Armstrong-Lee,Finance,SW,SMB,2025-06-07,SOAR,Standard,Direct,92,52,0.566,0.403,0,1,0,0.13,1498.35,2025-06-27,2027-06-27,24,2,0,1,42,6,We need better outcomes to justify renewal.
44,Petersen LLC,Retail,SE,SMB,2025-01-19,SOAR,Pro,Direct,10,6,0.617,0.709,1,2,0,0.076,231.55,2025-03-14,2026-03-14,12,6,0,0,1,7,Support and product quality have been solid.
45,Stewart-Blackwell,Education,SW,Mid-Market,2024-01-12,SIEM,Standard,Direct,711,483,0.679,0.264,4,0,0,0.074,8269.33,2024-01-17,2025-01-16,12,6,0,0,1,7,Great experience so far; features are meeting our needs.
46,"Lewis, Rollins and Jackson",Finance,West,SMB,2025-09-07,IAM,Pro,Direct,40,30,0.739,0.197,5,1,0,0.148,536.76,2025-08-20,2026-08-20,12,0,0,1,46,6,"Mixed experience so far; some teams see value, others struggle. Pain points: limited feature value."
47,Garcia and Sons,Technology,NE,SMB,2024-10-04,DLP,Pro,Direct,11,6,0.506,0.496,1,1,0,0.149,127.31,2024-12-03,2026-12-03,24,9,0,0,1,7,The product delivers value; planning to expand usage.
48,Davis PLC,Government,NE,SMB,2025-03-23,MDR,Pro,Direct,46,28,0.61,0.327,2,2,0,0.141,1235.6,2025-06-01,2026-06-01,12,3,0,0,4,6,Great experience so far; features are meeting our needs.
49,Palmer Inc,Technology,SE,Mid-Market,2025-09-11,XDR,Standard,Partner,182,118,0.647,0.564,2,0,0,0.205,2339.64,2025-08-20,2027-08-20,24,0,0,0,1,8,Support and product quality have been solid.
50,"Henderson, Luna and Miller",Technology,West,Mid-Market,2024-09-28,IAM,Enterprise,Partner,108,22,0.202,0.025,8,0,0,0.232,1852.97,2024-11-07,2025-11-07,12,10,0,0,34,5,Happy with the service; adoption is growing.
51,"Robertson, Green and Jones",Technology,SE,Mid-Market,2024-09-01,WAF,Pro,Partner,236,146,0.617,0.828,4,0,1,0.179,2896.65,2024-11-10,2026-11-10,24,6,0,0,1,10,Happy with the service; adoption is growing.
52,"Young, Owens and Dennis",Education,SE,Mid-Market,2024-06-01,MDR,Pro,Direct,267,90,0.338,0.773,1,0,0,0.109,7079.81,2024-07-31,2025-07-31,12,6,1,0,1,8,Great experience so far; features are meeting our needs.
53,"Webster, Montoya and Bowen",Retail,NE,Mid-Market,2024-04-21,EDR,Pro,Online,703,430,0.611,0.767,2,0,1,0.112,7285.16,2024-07-10,2025-07-10,12,14,0,0,1,8,Great experience so far; features are meeting our needs.
54,Diaz-Phelps,Manufacturing,SE,Mid-Market,2023-10-28,EmailSecurity,Enterprise,Direct,243,109,0.447,0.81,0,0,0,0.134,2293.77,2024-01-16,2026-01-15,24,18,0,0,1,8,Great experience so far; features are meeting our needs.
55,Nguyen Inc,Retail,MW,Mid-Market,2025-09-08,SIEM,Pro,Partner,387,170,0.439,0.512,3,0,1,0.232,5058.62,2025-08-20,2026-08-20,12,0,0,0,1,7,Happy with the service; adoption is growing.
56,"Barnett, Barnes and Davis",Finance,SW,SMB,2024-10-07,WAF,Pro,Partner,90,43,0.474,0.606,5,0,0,0.177,1025.13,2024-11-29,2025-11-29,12,9,0,0,7,8,Happy with the service; adoption is growing.
57,Hess-Roberts,Technology,West,SMB,2024-04-18,EDR,Standard,Partner,17,10,0.573,0.125,3,0,0,0.192,119.78,2024-06-29,2025-06-29,12,12,0,0,8,4,Great experience so far; features are meeting our needs.
58,Page Inc,Government,NE,SMB,2023-10-01,SIEM,Pro,Direct,42,7,0.17,0.325,2,0,1,0.079,685.06,2023-10-09,2024-10-08,12,12,0,0,18,4,The product delivers value; planning to expand usage.
59,Richardson Ltd,Manufacturing,SE,SMB,2025-08-06,DLP,Pro,Online,18,11,0.631,0.539,2,0,0,0.019,233.44,2025-08-20,2026-08-20,12,0,0,0,1,7,The product delivers value; planning to expand usage.
60,Murphy LLC,Manufacturing,MW,Enterprise,2025-01-31,SIEM,Pro,Direct,2564,1925,0.751,0.581,2,0,0,0.157,35318.13,2025-01-31,2026-01-31,12,6,0,1,31,10,Happy with the service; adoption is growing.
61,"Barker, Orozco and Moreno",Media,SW,Mid-Market,2023-12-27,SIEM,Enterprise,Partner,469,118,0.252,0.52,4,0,0,0.217,8229.56,2024-02-25,2025-02-24,12,12,0,0,2,6,The product delivers value; planning to expand usage.
62,Delgado and Sons,Media,SE,SMB,2025-01-16,EmailSecurity,Standard,Partner,16,11,0.681,0.347,2,0,0,0.114,83.21,2025-04-14,2027-04-14,24,5,0,0,1,6,Happy with the service; adoption is growing.
63,"Peters, Simmons and Martinez",Finance,West,Enterprise,2024-03-22,SIEM,Standard,Partner,2877,2018,0.701,0.721,2,1,0,0.208,28026.58,2024-04-23,2026-04-23,24,16,0,0,1,10,The product delivers value; planning to expand usage. Usage and adoption are strong across teams.
64,"Holden, Schroeder and Neal",Healthcare,West,Mid-Market,2025-01-18,EDR,Pro,Direct,237,174,0.734,0.528,2,0,1,0.143,2165.14,2025-04-07,2026-04-07,12,5,0,0,1,8,Happy with the service; adoption is growing.
65,"Richmond, Fox and Sanchez",Retail,West,Mid-Market,2025-01-27,XDR,Standard,Partner,94,56,0.597,0.42,3,0,0,0.244,1243.62,2025-04-14,2026-04-14,12,5,0,1,42,7,"Several pain points remain, but we’re open to improvements."
66,"Blackburn, Goodman and Mcpherson",Finance,NE,SMB,2025-04-13,IAM,Enterprise,Partner,52,46,0.891,0.366,2,0,0,0.168,922.82,2025-04-27,2026-04-27,12,4,0,0,1,8,The product delivers value; planning to expand usage.
67,Galloway-Payne,Finance,SE,Mid-Market,2025-03-22,WAF,Pro,Direct,103,66,0.636,0.925,0,0,0,0.091,1321.08,2025-04-25,2027-04-25,24,4,0,0,1,10,Great experience so far; features are meeting our needs.
68,Lee Inc,Healthcare,West,SMB,2024-05-03,EmailSecurity,Standard,Direct,86,58,0.671,0.32,2,1,0,0.083,493.68,2024-07-18,2025-07-18,12,14,0,1,45,6,We need better outcomes to justify renewal. Pain points: limited feature value.
69,Chase Ltd,Retail,West,Mid-Market,2024-06-02,EmailSecurity,Pro,Direct,273,242,0.886,0.508,2,0,1,0.137,1924.84,2024-08-15,2025-08-15,12,13,1,0,1,9,Great experience so far; features are meeting our needs.
70,"Murphy, Burns and Aguilar",Finance,MW,Mid-Market,2024-12-02,SASE,Standard,Partner,198,92,0.464,0.518,1,0,0,0.226,2231.35,2025-01-28,2026-01-28,12,7,0,0,1,7,Happy with the service; adoption is growing.
71,Bennett PLC,Energy,West,Mid-Market,2025-01-11,EDR,Standard,Direct,403,304,0.755,0.464,4,0,0,0.126,2743.81,2025-01-16,2026-01-16,12,8,0,1,43,9,Results are inconsistent across teams; need clearer ROI.
72,Lopez Inc,Energy,SE,Mid-Market,2024-12-03,WAF,Pro,Partner,160,86,0.539,0.455,2,1,0,0.202,1851.36,2025-02-11,2026-02-11,12,7,0,0,1,8,Support and product quality have been solid.
73,"White, Bell and David",Technology,SW,SMB,2025-03-27,SOAR,Standard,Direct,31,30,0.962,0.43,4,0,1,0.147,491.58,2025-04-21,2027-04-21,24,4,0,0,1,8,The product delivers value; planning to expand usage.
74,"Henderson, Harris and White",Education,SE,Mid-Market,2024-04-04,SASE,Standard,Direct,258,150,0.581,0.487,4,0,1,0.193,2941.95,2024-05-06,2025-05-06,12,16,0,1,58,8,"Several pain points remain, but we’re open to improvements."
75,"Simmons, Berry and Roberts",Technology,NE,SMB,2024-03-24,EDR,Pro,Direct,31,16,0.505,0.346,2,0,0,0.081,307.4,2024-04-01,2025-04-01,12,17,0,0,7,6,Happy with the service; adoption is growing.
76,"Herrera, Flores and Doyle",Government,West,SMB,2025-04-21,EmailSecurity,Pro,Direct,24,22,0.904,0.781,0,1,0,0.114,192.01,2025-06-24,2026-06-24,12,2,0,0,1,10,Support and product quality have been solid. Usage and adoption are strong across teams.
77,Lee-Hunter,Education,West,SMB,2025-04-20,SASE,Standard,Direct,23,6,0.259,0.826,4,0,0,0.08,317.19,2025-07-02,2026-07-02,12,2,0,1,55,7,"Several pain points remain, but we’re open to improvements. Pain points: low usage."
78,Martinez-Martin,Retail,NE,SMB,2023-11-27,DLP,Pro,Partner,14,9,0.638,0.746,6,0,0,0.193,140.55,2024-01-29,2025-01-28,12,19,0,0,1,7,Happy with the service; adoption is growing.
79,Watts Inc,Finance,NE,SMB,2025-03-02,SIEM,Standard,Direct,35,13,0.359,0.389,1,1,1,0.095,365.85,2025-03-05,2026-03-05,12,6,0,0,4,6,The product delivers value; planning to expand usage.
80,"Taylor, Reynolds and Lawson",Media,West,SMB,2024-12-26,MDR,Pro,Direct,19,5,0.237,0.78,1,1,0,0.126,501.67,2025-03-08,2026-03-08,12,6,0,0,1,7,Support and product quality have been solid.
81,"Murphy, Villanueva and Walsh",Retail,West,SMB,2025-03-07,EmailSecurity,Standard,Online,20,11,0.558,0.793,3,2,0,0.051,112.93,2025-05-03,2027-05-03,24,4,0,0,1,9,The product delivers value; planning to expand usage.
82,Ellison PLC,Technology,SE,Mid-Market,2025-03-29,EmailSecurity,Enterprise,Direct,379,238,0.627,0.544,4,0,0,0.159,3471.07,2025-04-21,2026-04-21,12,4,0,0,1,7,Happy with the service; adoption is growing.
83,Wallace-Wright,Energy,MW,Mid-Market,2025-09-14,EDR,Standard,Partner,153,92,0.6,0.649,2,1,0,0.215,1037.71,2025-08-20,2027-08-20,24,0,0,0,1,8,Support and product quality have been solid.
84,"Navarro, Williams and Roth",Healthcare,SW,Enterprise,2025-04-24,DLP,Enterprise,Partner,1328,596,0.449,0.884,2,0,0,0.224,16983.1,2025-05-23,2026-05-23,12,3,0,0,1,10,Great experience so far; features are meeting our needs.
85,"Duncan, Taylor and Lawson",Manufacturing,MW,SMB,2024-02-17,MDR,Standard,Direct,38,3,0.082,0.76,2,0,1,0.123,714.18,2024-03-16,2025-03-16,12,18,0,0,11,5,Support and product quality have been solid.
86,"Reyes, Gonzales and Collier",Manufacturing,SE,Mid-Market,2023-12-13,XDR,Enterprise,Direct,67,31,0.463,0.45,1,0,0,0.116,1859.76,2023-12-19,2024-12-18,12,6,0,0,1,7,Happy with the service; adoption is growing.
87,Le LLC,Finance,SE,SMB,2025-08-15,MDR,Pro,Partner,57,33,0.58,0.644,2,0,0,0.216,1510.9,2025-08-20,2026-08-20,12,0,0,0,1,8,The product delivers value; planning to expand usage.
88,Gilmore-Weber,Healthcare,SE,Mid-Market,2025-07-19,EDR,Enterprise,Partner,92,30,0.327,0.842,2,1,0,0.189,1128.13,2025-08-20,2026-08-20,12,0,0,0,1,8,Support and product quality have been solid.
89,"Ray, Huang and Thompson",Media,SW,SMB,2025-01-20,IAM,Standard,Direct,44,18,0.4,0.654,2,1,0,0.087,444.7,2025-03-17,2026-03-17,12,6,0,0,1,7,Happy with the service; adoption is growing.
90,Reese-Edwards,Government,SE,SMB,2025-02-09,WAF,Enterprise,Partner,63,22,0.348,0.569,1,0,0,0.183,997.51,2025-02-13,2026-02-13,12,7,0,0,1,6,Great experience so far; features are meeting our needs.
91,"Martinez, Higgins and House",Media,SW,Mid-Market,2024-03-13,SASE,Standard,Partner,107,13,0.118,0.613,1,0,0,0.185,1227.85,2024-05-09,2027-05-08,36,16,0,0,2,8,Happy with the service; adoption is growing.
92,"Gray, Young and Mckenzie",Retail,NE,SMB,2024-09-11,DLP,Pro,Partner,20,16,0.784,0.347,2,1,0,0.136,221.53,2024-10-10,2025-10-10,12,11,1,0,1,6,Great experience so far; features are meeting our needs.
93,West-Johnson,Technology,SW,SMB,2024-10-08,IAM,Standard,Direct,87,71,0.817,0.807,2,0,0,0.095,829.87,2024-12-17,2026-12-17,24,9,0,0,1,8,Support and product quality have been solid. Usage and adoption are strong across teams.
94,Wang-Snyder,Retail,West,SMB,2025-09-19,SOAR,Enterprise,Direct,32,6,0.183,0.25,4,1,1,0.065,1035.23,2025-08-20,2026-08-20,12,0,0,0,27,4,Happy with the service; adoption is growing.
95,Wells-Martin,Finance,SE,Mid-Market,2024-07-28,XDR,Standard,Direct,624,328,0.525,0.874,0,1,0,0.181,8371.1,2024-09-27,2025-09-27,12,11,1,0,1,8,The product delivers value; planning to expand usage.
96,Phillips Inc,Retail,SE,SMB,2024-01-15,MDR,Standard,Partner,109,17,0.152,0.618,2,0,0,0.163,2108.39,2024-03-16,2026-03-16,24,12,0,0,1,6,Great experience so far; features are meeting our needs.
97,Crane and Sons,Energy,MW,Mid-Market,2024-07-02,SIEM,Standard,Direct,260,95,0.366,0.268,2,0,0,0.126,2740.51,2024-08-01,2026-08-01,24,13,0,0,1,6,Support and product quality have been solid.
98,Gomez-Thompson,Telecom,West,SMB,2024-11-18,SIEM,Standard,Direct,52,31,0.605,0.598,1,1,0,0.137,524.6,2024-12-25,2025-12-25,12,8,0,0,1,8,Support and product quality have been solid.
99,"Chambers, Castro and Robinson",Finance,NE,Mid-Market,2025-02-17,EDR,Standard,Direct,116,85,0.73,0.347,3,0,0,0.165,795.22,2025-04-25,2026-04-25,12,4,0,0,1,7,Support and product quality have been solid.
100,"Waters, Owen and Willis",Telecom,MW,SMB,2025-09-03,IAM,Standard,Online,28,20,0.698,0.494,2,0,0,0.059,284.82,2025-08-20,2027-08-20,24,0,0,0,3,6,Support and product quality have been solid.
101,"Reyes, Edwards and Lang",Energy,NE,Mid-Market,2023-10-17,MDR,Pro,Partner,93,50,0.534,0.623,0,1,0,0.253,2095.94,2023-10-28,2025-10-27,24,12,0,0,1,8,Happy with the service; adoption is growing.
102,Mercado-Howard,Finance,NE,Enterprise,2025-06-13,SOAR,Pro,Direct,865,163,0.189,0.356,3,2,0,0.197,16989.79,2025-08-20,2027-08-20,24,0,0,0,1,7,Support and product quality have been solid.
103,Bennett-Johnson,Media,SW,SMB,2025-01-06,EmailSecurity,Standard,Direct,65,19,0.297,0.722,3,0,0,0.166,342.61,2025-01-13,2026-01-13,12,8,0,1,50,7,"Mixed experience so far; some teams see value, others struggle. Pain points: low usage."
104,Perkins Inc,Finance,SE,Mid-Market,2024-06-30,IAM,Standard,Partner,272,157,0.577,0.961,1,1,1,0.184,2636.79,2024-07-01,2025-07-01,12,12,0,1,34,9,The product delivers value; planning to expand usage.
105,Martinez Group,Retail,SE,Enterprise,2024-01-20,SOAR,Standard,Partner,4122,1681,0.408,0.112,4,1,0,0.238,55814.93,2024-03-06,2025-03-06,12,12,0,0,2,6,Happy with the service; adoption is growing.
106,Schmidt-Bennett,Technology,West,Enterprise,2024-04-23,IAM,Pro,Partner,1786,840,0.47,0.585,3,1,0,0.176,22737.21,2024-06-28,2025-06-28,12,14,0,0,1,9,Happy with the service; adoption is growing.
107,Burke and Sons,Technology,SE,SMB,2024-04-27,IAM,Pro,Partner,42,25,0.593,0.801,3,0,0,0.135,604.17,2024-06-14,2025-06-14,12,12,0,0,1,8,Support and product quality have been solid.
108,Grant Ltd,Finance,MW,SMB,2024-07-03,EDR,Standard,Direct,37,13,0.346,0.96,4,0,1,0.081,288.35,2024-07-06,2025-07-06,12,12,0,0,1,8,The product delivers value; planning to expand usage.
109,Burns-Marquez,Education,West,SMB,2023-11-06,MDR,Standard,Direct,39,24,0.619,0.442,3,0,0,0.118,728.89,2023-11-27,2024-11-26,12,18,0,0,1,7,The product delivers value; planning to expand usage.
110,"Smith, Williamson and Carter",Healthcare,SW,Mid-Market,2024-04-11,XDR,Pro,Online,111,48,0.429,0.598,2,1,0,0.068,2208.7,2024-05-05,2025-05-05,12,16,0,0,7,9,Happy with the service; adoption is growing.
111,"Velasquez, Ramirez and Gomez",Government,SW,Mid-Market,2024-01-16,EmailSecurity,Pro,Direct,547,274,0.501,0.329,2,0,0,0.165,3781.85,2024-02-29,2026-02-28,24,12,0,0,6,7,The product delivers value; planning to expand usage.
112,Pope Inc,Manufacturing,West,Mid-Market,2025-04-11,WAF,Standard,Direct,159,112,0.703,0.926,2,0,0,0.133,1411.61,2025-05-16,2026-05-16,12,4,0,0,1,10,Happy with the service; adoption is growing. Usage and adoption are strong across teams.
113,Spencer Ltd,Media,MW,Mid-Market,2024-08-10,SIEM,Standard,Direct,123,67,0.547,0.716,0,0,1,0.12,1349.75,2024-08-28,2025-08-28,12,12,1,0,1,9,Great experience so far; features are meeting our needs.
114,Watkins-Garcia,Government,SE,Mid-Market,2024-04-20,SOAR,Pro,Direct,158,108,0.685,0.477,1,0,0,0.139,3681.19,2024-06-08,2025-06-08,12,15,0,0,1,8,Happy with the service; adoption is growing.
115,Pearson Group,Media,SE,Enterprise,2024-11-17,EmailSecurity,Pro,Direct,1137,317,0.279,0.444,2,0,0,0.139,8301.56,2025-01-02,2026-01-02,12,8,0,0,1,7,Great experience so far; features are meeting our needs.
116,"Perez, Lopez and Watson",Education,MW,SMB,2023-10-14,SASE,Pro,Partner,94,75,0.799,0.476,3,1,1,0.196,1594.65,2023-11-24,2025-11-23,24,12,0,0,1,7,Support and product quality have been solid.
117,Nguyen-Nelson,Finance,SW,SMB,2024-12-14,MDR,Standard,Direct,71,43,0.603,0.437,1,1,0,0.145,1460.56,2025-01-14,2027-01-14,24,8,0,0,1,6,The product delivers value; planning to expand usage.
118,King-Lawrence,Retail,SE,Mid-Market,2025-03-01,EDR,Standard,Direct,64,28,0.443,0.651,1,0,0,0.109,437.94,2025-05-04,2026-05-04,12,4,0,0,1,6,Great experience so far; features are meeting our needs.
119,"Johnston, Byrd and Mitchell",Manufacturing,SE,SMB,2025-09-08,SASE,Standard,Online,12,2,0.208,0.331,1,0,0,0.089,163.21,2025-08-20,2026-08-20,12,0,0,1,56,5,"Mixed experience so far; some teams see value, others struggle. Pain points: low usage, limited feature value."
120,Perry Group,Retail,MW,SMB,2024-07-01,EDR,Standard,Partner,37,17,0.459,0.149,1,1,0,0.166,244.4,2024-08-04,2025-08-04,12,13,1,0,3,4,The product delivers value; planning to expand usage.
121,"Pham, Duran and Gordon",Finance,MW,SMB,2025-04-12,EDR,Pro,Direct,58,34,0.583,0.346,3,0,0,0.121,586.8,2025-04-17,2026-04-17,12,5,0,1,51,7,We need better outcomes to justify renewal. Pain points: limited feature value.
122,"Anderson, Booth and Brown",Finance,SW,SMB,2024-05-10,XDR,Standard,Direct,120,60,0.503,0.613,3,1,0,0.113,1632.79,2024-07-14,2026-07-14,24,14,0,0,1,7,The product delivers value; planning to expand usage.
123,Brooks Group,Technology,SE,SMB,2023-12-24,SIEM,Standard,Direct,120,100,0.835,0.497,2,1,0,0.107,1250.56,2024-01-09,2026-01-08,24,12,0,0,1,7,Happy with the service; adoption is growing.
124,"May, Johnson and Allen",Finance,MW,Mid-Market,2024-06-10,DLP,Pro,Direct,213,192,0.903,0.117,4,0,0,0.131,2472.9,2024-07-16,2026-07-16,24,14,0,0,4,7,The product delivers value; planning to expand usage.
125,Roy-Anthony,Technology,SW,SMB,2023-12-30,EmailSecurity,Pro,Direct,28,18,0.655,0.0,8,0,1,0.152,201.11,2024-02-14,2025-02-13,12,12,0,1,81,5,"The product isn’t meeting expectations; we may cancel. Main concerns: support responsiveness, limited feature value."
126,Butler-Cobb,Technology,NE,SMB,2023-10-23,MDR,Standard,Direct,9,2,0.262,0.773,4,0,0,0.116,187.76,2023-12-04,2024-12-03,12,6,0,0,6,7,Great experience so far; features are meeting our needs.
127,"Clements, Jacobs and Gonzalez",Energy,SE,Enterprise,2025-05-21,MDR,Pro,Online,6000,4528,0.755,0.778,4,1,1,0.09,169751.4,2025-06-10,2027-06-10,24,3,0,0,1,10,Support and product quality have been solid. Usage and adoption are strong across teams.
128,Jones Ltd,Education,West,Enterprise,2025-08-03,SASE,Standard,Direct,1299,1098,0.845,0.343,4,0,0,0.203,14359.65,2025-08-20,2026-08-20,12,0,0,0,1,9,Great experience so far; features are meeting our needs.
129,Solis-Cox,Education,SW,Mid-Market,2024-11-01,EDR,Standard,Direct,266,198,0.745,1.0,0,0,0,0.155,1944.26,2024-11-08,2025-11-08,12,10,0,0,1,10,Great experience so far; features are meeting our needs. Usage and adoption are strong across teams.
130,Munoz-Martinez,Technology,SE,SMB,2024-03-01,SOAR,Standard,Partner,26,16,0.598,0.218,1,0,0,0.196,386.93,2024-05-26,2025-05-26,12,15,0,1,49,6,Results are inconsistent across teams; need clearer ROI. Pain points: limited feature value.
131,Dominguez-Bailey,Government,West,Mid-Market,2023-11-13,WAF,Standard,Partner,252,95,0.377,0.288,2,0,0,0.289,1739.76,2024-01-30,2026-01-29,24,12,0,1,58,7,"Several pain points remain, but we’re open to improvements. Pain points: low usage, limited feature value."
132,Simon-Phelps,Government,West,SMB,2025-07-03,MDR,Standard,Partner,8,5,0.611,0.436,0,0,0,0.203,152.64,2025-08-06,2027-08-06,24,1,0,0,1,7,Happy with the service; adoption is growing.
133,Foster-Ramos,Education,West,Enterprise,2024-02-19,WAF,Standard,Direct,6000,4322,0.72,0.349,1,0,0,0.12,53433.6,2024-03-05,2025-03-05,12,12,0,0,1,8,The product delivers value; planning to expand usage.
134,"Callahan, Patton and Elliott",Technology,SE,Mid-Market,2023-10-16,EmailSecurity,Standard,Partner,108,68,0.629,0.436,1,1,0,0.189,521.15,2023-10-30,2024-10-29,12,18,0,0,1,7,Great experience so far; features are meeting our needs.
135,Christensen-Barnes,Finance,MW,SMB,2023-12-26,SOAR,Pro,Direct,27,16,0.586,0.529,1,1,2,0.094,618.15,2024-03-02,2025-03-02,12,12,0,0,1,7,Great experience so far; features are meeting our needs.
136,Walsh-Peters,Manufacturing,NE,SMB,2024-01-15,DLP,Pro,Direct,16,14,0.885,0.338,0,1,0,0.03,207.66,2024-03-03,2025-03-03,12,18,0,0,1,7,Great experience so far; features are meeting our needs.
137,Rivera-Perez,Technology,SE,SMB,2025-07-03,WAF,Pro,Partner,34,22,0.652,0.094,3,1,0,0.16,405.84,2025-08-01,2026-08-01,12,1,0,1,60,6,We need better outcomes to justify renewal. Pain points: limited feature value.
138,"Pruitt, Watson and Marshall",Manufacturing,NE,SMB,2025-02-12,IAM,Standard,Partner,119,76,0.635,0.632,3,0,0,0.102,1264.18,2025-03-10,2028-03-08,36,6,0,1,41,7,We need better outcomes to justify renewal.
139,Lam and Sons,Finance,West,Enterprise,2025-02-26,EDR,Standard,Direct,3404,1052,0.309,0.11,2,2,0,0.181,24198.76,2025-05-05,2027-05-05,24,4,0,0,7,7,Happy with the service; adoption is growing.
140,Brown-Banks,Manufacturing,NE,Mid-Market,2023-12-06,MDR,Pro,Direct,61,39,0.634,0.925,5,0,1,0.134,1746.96,2024-01-30,2025-01-29,12,19,0,0,1,10,Great experience so far; features are meeting our needs.
141,Erickson-Hunt,Education,SE,SMB,2024-06-27,IAM,Standard,Partner,18,6,0.353,0.595,2,0,0,0.165,168.34,2024-07-05,2025-07-05,12,6,0,0,1,7,The product delivers value; planning to expand usage.
142,Nash Ltd,Technology,SW,Enterprise,2025-07-26,SIEM,Standard,Direct,427,221,0.517,0.593,1,2,0,0.123,4707.2,2025-08-14,2027-08-14,24,1,0,0,1,9,Great experience so far; features are meeting our needs.
143,Thomas and Sons,Government,NE,SMB,2023-12-17,DLP,Standard,Direct,23,3,0.11,0.38,4,0,0,0.126,188.76,2024-01-29,2025-01-28,12,19,0,0,17,5,Great experience so far; features are meeting our needs.
144,Fisher PLC,Healthcare,West,Mid-Market,2025-06-22,SIEM,Standard,Direct,109,29,0.265,0.367,0,0,0,0.086,1311.08,2025-08-20,2026-08-20,12,0,0,1,53,6,"Results are inconsistent across teams; need clearer ROI. Pain points: low usage, limited feature value."
145,Palmer-Williams,Government,MW,SMB,2024-02-27,XDR,Pro,Partner,6,1,0.244,0.503,2,1,1,0.105,132.16,2024-04-20,2025-04-20,12,17,0,0,6,6,The product delivers value; planning to expand usage.
146,"Good, Hudson and Kramer",Finance,NE,Mid-Market,2025-06-27,MDR,Standard,Direct,40,20,0.499,0.908,3,1,0,0.127,788.14,2025-07-20,2026-07-20,12,2,0,0,1,10,Happy with the service; adoption is growing.
147,Houston and Sons,Government,SE,SMB,2025-02-08,EmailSecurity,Pro,Direct,41,28,0.692,0.504,0,0,0,0.067,353.08,2025-02-13,2026-02-13,12,7,0,0,1,7,Happy with the service; adoption is growing.
148,Torres-Armstrong,Government,MW,SMB,2025-08-21,EDR,Pro,Direct,120,47,0.391,0.763,2,1,0,0.094,1282.9,2025-08-20,2026-08-20,12,0,0,1,38,7,Great experience so far; features are meeting our needs.
149,Wright-Harris,Education,West,SMB,2025-01-17,SIEM,Pro,Partner,43,31,0.71,0.696,1,0,0,0.15,601.61,2025-03-28,2026-03-28,12,5,0,0,1,8,Happy with the service; adoption is growing.
150,"Gallagher, Bradley and Perez",Finance,SW,SMB,2024-04-21,MDR,Pro,Direct,23,20,0.88,0.864,2,0,0,0.093,629.58,2024-05-09,2025-05-09,12,16,0,0,1,10,The product delivers value; planning to expand usage. Usage and adoption are strong across teams.
151,"Fernandez, Brown and Black",Finance,West,SMB,2023-10-17,MDR,Standard,Direct,51,36,0.712,0.534,4,0,0,0.105,979.54,2023-12-15,2024-12-14,12,12,0,0,1,7,The product delivers value; planning to expand usage.
152,Davis-Johnson,Manufacturing,SE,Enterprise,2025-01-02,EDR,Pro,Partner,4105,2841,0.692,0.436,1,0,0,0.226,36888.1,2025-02-01,2026-02-01,12,7,0,0,1,8,Support and product quality have been solid.
153,Williamson-Jimenez,Healthcare,West,Mid-Market,2023-12-15,WAF,Standard,Partner,111,36,0.323,0.358,1,0,0,0.197,961.75,2023-12-23,2024-12-22,12,20,0,0,10,6,Great experience so far; features are meeting our needs.
154,Garcia-Maddox,Finance,West,Enterprise,2024-06-24,SOAR,Pro,Direct,1464,1035,0.707,0.382,1,0,0,0.12,31911.69,2024-06-29,2025-06-29,12,12,0,0,1,8,Happy with the service; adoption is growing.
155,Sandoval Group,Government,SE,Enterprise,2024-07-12,EmailSecurity,Standard,Direct,2458,2362,0.961,0.282,1,0,1,0.161,12043.61,2024-08-03,2025-08-03,12,12,1,0,1,8,The product delivers value; planning to expand usage.
156,Cox PLC,Technology,NE,Enterprise,2025-02-20,SOAR,Standard,Partner,1066,415,0.389,0.221,5,0,0,0.239,15973.04,2025-02-28,2026-02-28,12,6,0,1,59,7,"We need better outcomes to justify renewal. Pain points: low usage, limited feature value."
157,Edwards Ltd,Technology,SW,SMB,2024-03-10,DLP,Pro,Partner,19,15,0.786,0.869,2,0,0,0.197,194.53,2024-05-11,2025-05-11,12,12,0,0,1,8,The product delivers value; planning to expand usage. Usage and adoption are strong across teams.
158,Snyder LLC,Healthcare,MW,SMB,2024-11-18,SASE,Standard,Direct,11,6,0.505,0.483,2,1,0,0.098,139.9,2024-12-25,2025-12-25,12,6,0,0,1,6,Support and product quality have been solid.
159,Cruz PLC,Energy,NE,SMB,2024-10-19,IAM,Standard,Direct,19,9,0.489,0.525,3,0,0,0.146,179.95,2024-10-27,2027-10-26,36,10,0,0,1,7,Great experience so far; features are meeting our needs.
160,Gross-Leon,Energy,NE,Mid-Market,2024-08-27,DLP,Pro,Direct,343,116,0.339,0.904,2,0,0,0.104,3820.09,2024-10-02,2025-10-02,12,11,1,0,1,9,Support and product quality have been solid.
161,"Hines, Odom and Hughes",Telecom,MW,Mid-Market,2024-04-17,DLP,Standard,Partner,173,119,0.685,0.7,1,0,0,0.197,1251.66,2024-07-16,2025-07-16,12,12,0,0,1,9,Support and product quality have been solid.
162,Gardner-Mercer,Manufacturing,West,SMB,2024-06-15,SASE,Standard,Partner,37,31,0.846,0.748,2,0,0,0.169,417.24,2024-07-15,2025-07-15,12,12,0,0,1,8,Happy with the service; adoption is growing. Usage and adoption are strong across teams.
163,Hall Ltd,Manufacturing,MW,SMB,2023-12-17,IAM,Standard,Direct,48,15,0.302,0.518,4,0,0,0.09,501.88,2024-01-24,2027-01-22,36,12,0,0,5,6,Happy with the service; adoption is growing.
164,Landry-Schwartz,Finance,MW,SMB,2023-11-18,MDR,Standard,Partner,14,10,0.686,0.19,2,0,0,0.172,268.12,2023-12-21,2024-12-20,12,20,0,0,1,6,Support and product quality have been solid.
165,Hughes and Sons,Healthcare,MW,Enterprise,2025-07-11,SOAR,Pro,Direct,3553,3553,1.0,0.805,2,0,0,0.155,74666.83,2025-08-07,2026-08-07,12,1,0,0,1,10,Support and product quality have been solid. Usage and adoption are strong across teams.
166,"Flores, Johnson and Bender",Healthcare,MW,Mid-Market,2024-12-19,SIEM,Pro,Direct,198,89,0.449,0.643,1,0,0,0.149,3051.5,2025-02-06,2026-02-06,12,7,0,0,1,7,Great experience so far; features are meeting our needs.
167,Vasquez-Hunter,Energy,SW,Enterprise,2024-12-11,EmailSecurity,Standard,Direct,777,546,0.703,0.166,1,0,0,0.109,4389.23,2025-01-09,2026-01-09,12,8,0,0,1,7,Great experience so far; features are meeting our needs.
168,"Kramer, Arnold and Carpenter",Government,NE,Mid-Market,2025-04-19,SIEM,Standard,Online,217,92,0.423,0.76,0,0,0,0.067,2601.62,2025-05-13,2026-05-13,12,4,0,0,1,8,Support and product quality have been solid.
169,Gray Inc,Education,MW,SMB,2024-11-23,XDR,Standard,Direct,16,4,0.255,0.684,0,0,0,0.061,257.81,2025-01-07,2026-01-07,12,8,0,0,1,7,The product delivers value; planning to expand usage.
170,Clark Group,Telecom,SE,SMB,2025-02-08,SOAR,Pro,Partner,22,15,0.661,0.272,4,0,0,0.199,479.32,2025-03-15,2026-03-15,12,6,0,0,1,7,Happy with the service; adoption is growing.
171,Johnson Ltd,Retail,MW,SMB,2024-03-22,IAM,Pro,Partner,59,28,0.475,0.9,2,1,0,0.187,740.61,2024-06-14,2025-06-14,12,12,0,0,1,7,The product delivers value; planning to expand usage.
172,Hernandez PLC,Media,MW,Mid-Market,2024-06-17,SOAR,Standard,Partner,106,47,0.442,0.811,2,1,0,0.211,1509.59,2024-07-10,2025-07-10,12,14,0,0,1,8,Happy with the service; adoption is growing.
173,Hayes-Wilson,Retail,West,Mid-Market,2024-11-18,XDR,Enterprise,Partner,618,158,0.256,0.877,1,0,0,0.221,15468.09,2024-11-23,2025-11-23,12,6,0,0,1,9,Great experience so far; features are meeting our needs.
174,"Osborne, Shepherd and Harris",Healthcare,SE,SMB,2025-08-14,DLP,Standard,Direct,30,6,0.207,0.351,5,0,0,0.067,253.59,2025-08-20,2026-08-20,12,0,0,1,57,5,"Results are inconsistent across teams; need clearer ROI. Pain points: low usage, limited feature value."
175,"Baker, Diaz and Carlson",Telecom,SW,SMB,2023-12-15,WAF,Pro,Direct,83,53,0.637,0.698,1,0,1,0.03,1155.32,2024-02-08,2025-02-07,12,12,0,0,1,8,Happy with the service; adoption is growing.
176,"Grant, Brown and Sims",Telecom,SW,SMB,2025-04-15,EmailSecurity,Standard,Direct,40,22,0.554,0.376,4,0,0,0.076,238.39,2025-05-21,2027-05-21,24,3,0,0,1,7,Support and product quality have been solid.
177,Roman PLC,Healthcare,NE,SMB,2024-12-10,EmailSecurity,Pro,Direct,8,5,0.643,0.69,4,0,0,0.089,60.42,2025-01-19,2026-01-19,12,7,0,0,1,7,The product delivers value; planning to expand usage.
178,Moore-Larson,Finance,SE,SMB,2024-03-26,IAM,Pro,Direct,120,76,0.634,0.518,5,0,0,0.043,1863.85,2024-06-12,2026-06-12,24,12,0,0,1,7,Support and product quality have been solid.
179,Bailey-Jones,Technology,NE,SMB,2024-10-11,XDR,Pro,Direct,5,1,0.208,0.702,2,0,0,0.135,105.83,2024-11-23,2025-11-23,12,9,0,1,47,7,We need better outcomes to justify renewal. Pain points: low usage.
180,Huff-Olson,Education,SE,SMB,2024-11-25,SOAR,Pro,Partner,18,12,0.685,0.25,2,0,0,0.167,370.65,2024-12-11,2025-12-11,12,9,0,0,3,6,Happy with the service; adoption is growing.
181,Daniels-Elliott,Education,SW,SMB,2024-10-19,SASE,Standard,Partner,10,7,0.709,0.576,5,0,0,0.169,124.57,2024-12-27,2025-12-27,12,8,0,0,1,8,The product delivers value; planning to expand usage.
182,James-Wilson,Retail,West,Mid-Market,2024-07-10,SASE,Pro,Direct,77,46,0.593,1.0,5,0,0,0.139,1245.72,2024-08-31,2025-08-31,12,12,1,0,1,10,Great experience so far; features are meeting our needs.
183,Price-Barber,Energy,SE,Mid-Market,2025-03-24,XDR,Standard,Partner,565,385,0.682,0.808,3,0,1,0.254,6899.79,2025-06-22,2026-06-22,12,2,0,0,1,9,Support and product quality have been solid.
184,Bond PLC,Healthcare,SW,SMB,2024-01-02,MDR,Pro,Direct,23,7,0.31,0.71,7,2,0,0.138,638.79,2024-01-19,2026-01-18,24,18,0,1,63,6,"We need better outcomes to justify renewal. Pain points: support responsiveness, low usage."
185,Johnson-Gallegos,Media,NE,SMB,2025-07-22,WAF,Pro,Direct,28,27,0.967,0.581,1,0,0,0.086,374.16,2025-08-20,2027-08-20,24,0,0,0,1,9,Great experience so far; features are meeting our needs.
186,"Hardin, Le and Moran",Government,SW,SMB,2024-02-07,WAF,Pro,Direct,120,95,0.794,0.274,4,0,1,0.064,1725.24,2024-03-29,2026-03-29,24,17,0,0,5,6,The product delivers value; planning to expand usage.
187,Benton Group,Finance,West,SMB,2025-05-23,SIEM,Pro,Direct,47,27,0.57,0.404,2,0,0,0.051,766.73,2025-06-27,2026-06-27,12,2,0,0,1,6,Support and product quality have been solid.
188,Suarez and Sons,Healthcare,NE,Enterprise,2025-01-21,SIEM,Pro,Direct,2457,464,0.189,0.643,1,1,1,0.144,34155.84,2025-03-21,2026-03-21,12,5,0,0,1,7,Happy with the service; adoption is growing.
189,Carson-Martinez,Technology,NE,SMB,2024-05-16,XDR,Standard,Direct,36,16,0.443,0.761,3,0,1,0.137,473.17,2024-07-17,2025-07-17,12,14,0,0,1,7,The product delivers value; planning to expand usage.
190,"Miller, Miller and Allen",Education,SW,Mid-Market,2025-09-16,IAM,Enterprise,Partner,151,86,0.573,0.503,3,1,0,0.191,2467.61,2025-08-20,2026-08-20,12,0,0,0,1,7,The product delivers value; planning to expand usage.
191,Mcintyre-Wood,Finance,SE,Mid-Market,2023-12-26,MDR,Standard,Direct,66,41,0.615,0.584,0,0,0,0.095,1266.28,2024-03-13,2026-03-13,24,12,0,0,1,8,Great experience so far; features are meeting our needs.
192,Rose-Ward,Finance,MW,Mid-Market,2024-05-25,XDR,Pro,Direct,800,700,0.875,0.483,0,0,0,0.145,16272.36,2024-07-14,2026-07-14,24,6,0,0,1,9,Great experience so far; features are meeting our needs.
193,Watson Ltd,Technology,SW,Mid-Market,2024-02-08,XDR,Standard,Online,182,141,0.775,0.811,1,0,0,0.042,2869.9,2024-05-05,2025-05-05,12,16,0,0,1,10,Happy with the service; adoption is growing. Usage and adoption are strong across teams.
194,Hansen-Mcdowell,Finance,MW,Mid-Market,2025-09-14,XDR,Pro,Direct,203,130,0.638,0.772,2,0,0,0.123,3898.88,2025-08-20,2026-08-20,12,0,0,0,1,10,The product delivers value; planning to expand usage.
195,Gonzalez-Chapman,Healthcare,MW,Enterprise,2025-03-20,WAF,Pro,Direct,3646,3324,0.912,0.678,2,0,0,0.162,45982.99,2025-03-25,2026-03-25,12,5,0,0,1,10,Great experience so far; features are meeting our needs.
196,Robinson Inc,Finance,West,Mid-Market,2024-05-15,DLP,Enterprise,Online,213,110,0.514,1.0,3,0,0,0.101,3352.94,2024-06-04,2027-06-03,36,12,0,0,1,9,Support and product quality have been solid.
197,Ross LLC,Retail,MW,Enterprise,2024-08-03,EmailSecurity,Pro,Direct,1864,1346,0.722,0.565,1,0,0,0.186,13428.07,2024-09-28,2025-09-28,12,11,1,0,1,9,Happy with the service; adoption is growing.
198,Romero-Russell,Healthcare,West,Mid-Market,2025-07-21,DLP,Standard,Direct,170,106,0.625,0.366,2,0,1,0.094,1407.74,2025-08-20,2026-08-20,12,0,0,1,49,8,We need better outcomes to justify renewal. Pain points: limited feature value.
199,"Smith, Lowe and Henderson",Finance,SW,Mid-Market,2024-05-27,EmailSecurity,Enterprise,Partner,82,19,0.229,0.762,3,0,0,0.17,786.77,2024-08-19,2025-08-19,12,12,1,0,2,8,Happy with the service; adoption is growing.
200,Flores-Melendez,Finance,SW,SMB,2025-07-26,DLP,Enterprise,Direct,69,35,0.504,0.89,2,0,0,0.088,1023.84,2025-08-17,2027-08-17,24,1,0,0,1,8,The product delivers value; planning to expand usage.
201,Vasquez-Young,Finance,SE,Mid-Market,2025-08-20,WAF,Standard,Direct,91,62,0.681,0.518,3,0,0,0.139,839.14,2025-08-20,2026-08-20,12,0,0,0,1,7,Support and product quality have been solid.
202,Medina-Simmons,Retail,SW,SMB,2025-08-13,SIEM,Pro,Direct,17,5,0.321,0.75,3,1,0,0.074,268.24,2025-08-20,2027-08-20,24,0,0,0,1,6,Happy with the service; adoption is growing.
203,"Kim, Hernandez and Williams",Government,MW,Mid-Market,2023-11-03,DLP,Enterprise,Partner,298,223,0.75,0.55,3,0,0,0.204,4348.02,2024-01-28,2025-01-27,12,12,0,0,1,9,Happy with the service; adoption is growing.
204,"Davis, Taylor and Jones",Finance,MW,SMB,2025-08-28,XDR,Pro,Direct,6,2,0.251,0.349,1,0,0,0.138,116.47,2025-08-20,2026-08-20,12,0,0,0,1,3,Great experience so far; features are meeting our needs.
205,Lewis Group,Technology,SE,SMB,2025-02-27,IAM,Pro,Partner,46,5,0.119,0.49,0,1,0,0.162,639.51,2025-04-25,2026-04-25,12,4,0,0,1,7,The product delivers value; planning to expand usage.
206,Hunter Inc,Healthcare,SW,Mid-Market,2024-08-14,WAF,Pro,Direct,403,100,0.247,0.602,4,1,0,0.126,5114.26,2024-10-20,2025-10-20,12,10,0,0,1,7,Support and product quality have been solid.
207,Gonzalez-Perez,Telecom,NE,SMB,2024-05-13,SOAR,Standard,Direct,19,16,0.832,0.237,2,1,0,0.067,311.82,2024-07-22,2025-07-22,12,13,1,0,1,6,Support and product quality have been solid.
208,"Mckinney, Howell and Stewart",Healthcare,SE,SMB,2025-06-29,SASE,Enterprise,Direct,11,5,0.458,0.801,2,1,1,0.035,272.27,2025-07-31,2026-07-31,12,1,0,0,1,8,Great experience so far; features are meeting our needs.
209,Cooke Group,Government,West,SMB,2025-02-07,SASE,Pro,Direct,21,16,0.744,0.391,2,0,1,0.1,383.67,2025-04-13,2027-04-13,24,5,0,0,1,7,Great experience so far; features are meeting our needs.
210,"Glover, George and Moon",Finance,NE,Enterprise,2024-02-26,EmailSecurity,Standard,Direct,6000,4660,0.777,0.786,5,0,0,0.144,29634.72,2024-04-30,2025-04-30,12,12,0,0,1,10,Happy with the service; adoption is growing. Usage and adoption are strong across teams.
211,"Marshall, Collins and Williams",Finance,NE,SMB,2025-06-01,SIEM,Pro,Online,84,49,0.584,0.499,3,0,0,0.043,1387.5,2025-08-20,2026-08-20,12,0,0,0,1,6,Support and product quality have been solid.
212,Johnson Ltd,Telecom,MW,SMB,2024-04-05,WAF,Enterprise,Direct,10,7,0.681,0.75,2,0,0,0.094,175.76,2024-05-22,2026-05-22,24,12,0,0,1,9,Support and product quality have been solid.
213,Peters-Stevens,Telecom,MW,Enterprise,2024-01-23,EDR,Standard,Direct,6000,4242,0.707,0.888,3,0,0,0.183,37500.3,2024-02-19,2025-02-18,12,19,0,0,1,10,Support and product quality have been solid. Usage and adoption are strong across teams.
214,Baker PLC,Telecom,SW,SMB,2024-04-12,SIEM,Pro,Direct,62,39,0.632,0.665,5,1,0,0.087,1030.23,2024-05-07,2025-05-07,12,16,0,0,1,8,Support and product quality have been solid.
215,Potter-Morris,Education,MW,SMB,2023-11-01,IAM,Standard,Partner,33,28,0.843,0.289,3,0,0,0.185,296.11,2024-01-27,2025-01-26,12,19,0,0,1,6,Happy with the service; adoption is growing.
216,"Garrett, Kent and Sexton",Finance,NE,SMB,2024-09-03,XDR,Standard,Direct,38,11,0.295,0.434,2,0,2,0.06,606.17,2024-11-04,2025-11-04,12,10,0,0,19,5,Support and product quality have been solid.
217,Booth and Sons,Manufacturing,NE,SMB,2024-07-12,EmailSecurity,Standard,Direct,60,24,0.392,0.391,1,1,1,0.045,343.23,2024-07-16,2026-07-16,24,14,0,0,10,5,Support and product quality have been solid.
218,"Owen, Reyes and Mcfarland",Healthcare,MW,Enterprise,2025-04-26,SASE,Standard,Direct,2480,720,0.29,0.335,5,0,0,0.178,29029.09,2025-07-09,2026-07-09,12,2,0,0,1,6,Great experience so far; features are meeting our needs.
219,"Davis, Morales and Chavez",Manufacturing,NE,Mid-Market,2024-08-11,EDR,Standard,Direct,147,62,0.423,0.725,3,0,0,0.154,983.7,2024-09-17,2026-09-17,24,12,0,0,1,8,Support and product quality have been solid.
220,Edwards Inc,Technology,SW,SMB,2025-01-26,DLP,Pro,Partner,18,9,0.513,0.615,1,0,0,0.178,184.06,2025-03-01,2027-03-01,24,6,0,0,1,7,Great experience so far; features are meeting our needs.
221,"Collins, Fernandez and Galloway",Education,SW,SMB,2024-04-14,EDR,Standard,Online,13,12,0.945,0.634,6,1,0,0.012,105.06,2024-04-18,2026-04-18,24,12,0,0,1,8,Great experience so far; features are meeting our needs.
222,"Miller, Hernandez and Wallace",Healthcare,SW,Mid-Market,2023-10-31,EDR,Standard,Partner,336,145,0.431,0.594,6,1,0,0.219,2196.42,2023-12-30,2026-12-28,36,12,0,0,5,8,The product delivers value; planning to expand usage.
223,Maxwell-Miller,Manufacturing,NE,SMB,2023-11-10,SOAR,Standard,Partner,30,27,0.89,0.34,1,0,0,0.181,460.69,2023-12-22,2024-12-21,12,12,0,0,1,7,Great experience so far; features are meeting our needs.
224,"Ball, Hampton and Johnson",Finance,West,SMB,2024-06-19,XDR,Enterprise,Partner,120,68,0.568,0.864,4,1,0,0.227,2697.46,2024-08-04,2025-08-04,12,12,1,0,1,8,Support and product quality have been solid.
225,Burke-Smith,Retail,West,SMB,2024-09-11,IAM,Pro,Direct,14,4,0.251,0.575,1,0,0,0.117,190.99,2024-11-24,2025-11-24,12,6,0,1,47,6,"Mixed experience so far; some teams see value, others struggle. Pain points: low usage."
226,"Cox, Flores and Rivera",Government,MW,SMB,2023-11-13,SASE,Standard,Direct,120,98,0.817,0.644,1,0,0,0.134,1597.25,2023-12-01,2024-11-30,12,6,0,0,1,7,Support and product quality have been solid.
227,"Page, Rhodes and Berger",Education,West,SMB,2024-07-08,WAF,Standard,Direct,23,9,0.405,0.665,1,1,0,0.107,210.52,2024-09-18,2025-09-18,12,12,1,0,1,7,Great experience so far; features are meeting our needs.
228,Garrison PLC,Finance,SE,Enterprise,2025-07-10,EmailSecurity,Enterprise,Online,642,274,0.426,0.839,0,0,0,0.093,6341.18,2025-07-22,2027-07-22,24,1,0,0,1,10,Great experience so far; features are meeting our needs.
229,Murray and Sons,Media,SW,SMB,2024-01-17,DLP,Pro,Partner,22,20,0.901,0.434,2,0,0,0.172,230.61,2024-02-16,2026-02-15,24,12,0,0,1,7,Great experience so far; features are meeting our needs.
230,Gordon-Hernandez,Energy,SE,Enterprise,2024-06-13,WAF,Pro,Direct,932,441,0.473,0.659,1,0,0,0.181,11373.29,2024-08-17,2026-08-17,24,13,0,0,1,9,Support and product quality have been solid.
231,West-Johnson,Energy,MW,SMB,2025-02-19,SASE,Standard,Partner,84,61,0.731,0.822,1,0,0,0.146,1015.06,2025-04-03,2026-04-03,12,5,0,0,1,8,The product delivers value; planning to expand usage. Usage and adoption are strong across teams.
232,Gomez-Collins,Technology,MW,Mid-Market,2025-09-07,SOAR,Pro,Partner,146,87,0.595,0.914,2,0,0,0.137,3401.95,2025-08-20,2026-08-20,12,0,0,0,1,9,The product delivers value; planning to expand usage.
233,"Phillips, Rivers and Haynes",Education,West,SMB,2024-08-22,EDR,Enterprise,Partner,52,38,0.723,0.729,3,0,0,0.192,645.37,2024-09-29,2026-09-29,24,11,0,0,1,9,Support and product quality have been solid. Usage and adoption are strong across teams.
234,Jimenez Inc,Manufacturing,SE,Mid-Market,2023-12-19,EmailSecurity,Standard,Direct,308,256,0.832,0.484,1,0,0,0.082,1690.81,2024-02-27,2025-02-26,12,18,0,0,1,9,The product delivers value; planning to expand usage.
235,Daugherty-Hodges,Government,SW,SMB,2024-06-09,IAM,Standard,Direct,10,5,0.487,0.127,5,0,0,0.113,106.26,2024-07-17,2025-07-17,12,12,0,1,51,4,"Several pain points remain, but we’re open to improvements. Pain points: limited feature value."
236,Hawkins-Barber,Healthcare,SW,Mid-Market,2025-04-17,SOAR,Standard,Partner,508,377,0.741,0.28,3,0,0,0.183,7578.56,2025-04-25,2027-04-25,24,4,0,0,1,8,Support and product quality have been solid.
237,"Perez, Moore and White",Retail,NE,Enterprise,2024-01-15,IAM,Enterprise,Direct,4734,4516,0.954,0.7,2,1,0,0.129,85187.67,2024-02-05,2025-02-04,12,6,0,0,1,10,Great experience so far; features are meeting our needs. Usage and adoption are strong across teams.
238,Mann-Hudson,Technology,SW,SMB,2024-04-30,SASE,Pro,Direct,19,16,0.841,0.116,5,0,0,0.119,331.26,2024-07-16,2025-07-16,12,12,0,0,3,7,Great experience so far; features are meeting our needs.
239,James PLC,Manufacturing,West,SMB,2024-03-25,MDR,Pro,Direct,52,24,0.463,0.573,3,0,1,0.125,1485.58,2024-06-09,2025-06-09,12,15,0,0,1,7,Support and product quality have been solid.
240,"Blair, Cruz and Nunez",Technology,NE,SMB,2025-08-20,SIEM,Pro,Partner,12,3,0.268,0.301,3,0,0,0.209,159.66,2025-08-20,2026-08-20,12,0,0,1,52,4,"Several pain points remain, but we’re open to improvements. Pain points: low usage, limited feature value."
241,Bowen Group,Technology,MW,SMB,2024-07-26,EDR,Pro,Online,12,8,0.634,0.383,2,0,0,0.011,130.55,2024-07-29,2025-07-29,12,12,1,0,1,6,Support and product quality have been solid.
242,Spencer Ltd,Healthcare,SE,Mid-Market,2024-06-16,DLP,Pro,Partner,265,151,0.571,0.624,2,0,0,0.25,2444.62,2024-06-21,2025-06-21,12,14,0,0,1,7,Support and product quality have been solid.
243,Cohen-Henry,Healthcare,West,SMB,2024-04-07,EmailSecurity,Standard,Direct,60,19,0.322,0.665,2,0,0,0.116,330.97,2024-06-05,2026-06-05,24,12,0,0,1,6,Great experience so far; features are meeting our needs.
244,Long Ltd,Manufacturing,SE,SMB,2024-04-09,EDR,Enterprise,Partner,20,16,0.813,0.823,0,0,0,0.153,282.73,2024-06-26,2025-06-26,12,12,0,0,1,8,Happy with the service; adoption is growing. Usage and adoption are strong across teams.
245,"Pierce, Perkins and Thomas",Government,NE,Mid-Market,2025-03-02,IAM,Standard,Direct,207,80,0.386,0.041,11,1,0,0.126,1953.91,2025-03-13,2026-03-13,12,6,0,1,80,5,"We are considering alternatives due to ongoing issues. Main concerns: support responsiveness, low usage, limited feature value."
246,Perry-Bentley,Finance,NE,SMB,2025-07-30,IAM,Standard,Direct,31,29,0.938,0.283,6,1,0,0.087,323.22,2025-08-20,2028-08-18,36,0,0,0,1,7,Happy with the service; adoption is growing.
247,"Miller, Reynolds and Rowland",Healthcare,SW,Enterprise,2025-01-28,EmailSecurity,Standard,Partner,668,637,0.953,0.299,3,0,0,0.255,2951.12,2025-02-01,2027-02-01,24,7,0,0,1,9,Support and product quality have been solid.
248,Nelson-Sanders,Retail,NE,SMB,2024-10-16,XDR,Pro,Direct,41,21,0.516,0.459,1,1,0,0.108,864.93,2024-12-01,2025-12-01,12,9,0,0,1,6,Great experience so far; features are meeting our needs.
249,Rice and Sons,Media,West,SMB,2023-11-20,XDR,Standard,Direct,31,6,0.206,0.313,5,0,0,0.061,475.64,2024-01-05,2025-01-04,12,18,0,0,9,5,The product delivers value; planning to expand usage.
250,"Sanders, Scott and Walker",Retail,SE,Enterprise,2024-04-15,SASE,Standard,Online,1813,1556,0.858,0.622,5,0,0,0.101,24888.37,2024-04-30,2025-04-30,12,16,0,0,1,10,Happy with the service; adoption is growing.
251,"Paul, Harrison and Turner",Education,NE,Mid-Market,2025-01-01,MDR,Standard,Partner,230,148,0.644,0.901,2,0,0,0.164,4184.01,2025-01-20,2027-01-20,24,7,0,0,1,9,Support and product quality have been solid.
252,Campbell-Warner,Government,MW,Mid-Market,2024-01-16,WAF,Pro,Direct,385,226,0.586,0.605,2,0,1,0.12,5010.85,2024-03-19,2025-03-19,12,12,0,0,1,8,Great experience so far; features are meeting our needs.
253,Lopez PLC,Retail,NE,SMB,2024-05-09,IAM,Enterprise,Direct,5,1,0.295,0.854,3,0,0,0.083,94.08,2024-05-12,2025-05-12,12,16,0,0,1,7,Great experience so far; features are meeting our needs.
254,Williams-Johnson,Finance,SE,Enterprise,2024-04-25,EDR,Standard,Partner,812,676,0.833,0.386,1,2,0,0.209,5189.72,2024-05-02,2025-05-02,12,16,0,0,1,8,Great experience so far; features are meeting our needs.
255,Robinson Group,Manufacturing,MW,Mid-Market,2023-10-11,DLP,Standard,Online,202,161,0.797,0.609,1,0,0,0.018,1949.92,2023-11-08,2024-11-07,12,18,0,0,1,10,Support and product quality have been solid.
256,Mccall-Rodriguez,Finance,NE,Mid-Market,2024-04-06,EDR,Standard,Direct,310,135,0.436,0.796,2,0,0,0.175,2015.31,2024-05-30,2025-05-30,12,12,0,0,1,8,The product delivers value; planning to expand usage.
257,Gonzalez-Stewart,Finance,NE,Mid-Market,2025-02-18,XDR,Enterprise,Direct,284,100,0.353,0.311,2,0,0,0.124,8296.95,2025-04-20,2027-04-20,24,5,0,0,1,6,Support and product quality have been solid.
258,"Bernard, Roberts and Jackson",Healthcare,West,Mid-Market,2024-11-07,XDR,Enterprise,Direct,309,119,0.384,1.0,2,0,0,0.087,8534.04,2024-11-07,2025-11-07,12,10,0,1,35,9,Happy with the service; adoption is growing.
259,"Jones, Young and Figueroa",Manufacturing,MW,Mid-Market,2024-01-01,SASE,Standard,Partner,69,16,0.235,0.317,5,0,0,0.218,785.09,2024-03-15,2025-03-15,12,12,0,1,57,6,"Several pain points remain, but we’re open to improvements. Pain points: low usage, limited feature value."
260,"Mooney, Perez and Miller",Government,SW,Enterprise,2024-11-22,SASE,Enterprise,Partner,4392,4330,0.986,0.505,2,0,0,0.183,91321.32,2025-01-17,2026-01-17,12,8,0,0,1,10,Support and product quality have been solid.
261,Ramirez Ltd,Technology,MW,SMB,2023-11-21,WAF,Enterprise,Direct,120,97,0.807,0.556,5,0,1,0.104,1948.26,2023-11-22,2024-11-21,12,12,0,0,1,8,Happy with the service; adoption is growing.
262,Gilmore Group,Energy,MW,SMB,2024-11-27,XDR,Standard,Partner,30,7,0.22,0.768,3,0,0,0.189,375.41,2025-02-22,2026-02-22,12,6,0,0,1,6,Support and product quality have been solid.
263,Graham-Valencia,Education,SE,SMB,2025-07-20,DLP,Standard,Online,22,9,0.429,0.567,5,1,0,0.104,187.66,2025-07-24,2026-07-24,12,1,0,0,2,6,Happy with the service; adoption is growing.
264,"Smith, Young and Cohen",Healthcare,NE,SMB,2023-10-06,SASE,Pro,Partner,38,10,0.257,0.546,1,0,0,0.142,610.67,2023-11-04,2024-11-03,12,12,0,1,48,7,We need better outcomes to justify renewal. Pain points: low usage.
265,Alexander-Fowler,Telecom,SW,SMB,2023-12-31,SIEM,Pro,Direct,31,16,0.532,0.546,2,0,0,0.095,510.88,2024-01-14,2025-01-13,12,12,0,0,1,7,Great experience so far; features are meeting our needs.
266,"Harris, Thompson and Nguyen",Finance,SE,SMB,2024-03-14,SOAR,Enterprise,Direct,54,31,0.571,0.574,4,0,0,0.119,1546.15,2024-05-22,2025-05-22,12,12,0,0,1,7,Happy with the service; adoption is growing.
267,Gallagher-Donovan,Manufacturing,West,Mid-Market,2025-07-17,MDR,Pro,Direct,59,34,0.581,0.818,6,2,0,0.119,1605.63,2025-07-26,2026-07-26,12,1,0,0,1,9,Support and product quality have been solid.
268,Mitchell-Myers,Education,SE,Enterprise,2025-06-28,SASE,Enterprise,Online,2871,2357,0.821,0.915,1,0,0,0.076,69397.35,2025-08-20,2026-08-20,12,0,0,0,1,10,Support and product quality have been solid. Usage and adoption are strong across teams.
269,"Obrien, Mccarthy and Brown",Healthcare,SE,SMB,2024-02-26,XDR,Standard,Online,92,18,0.192,0.697,1,0,0,0.007,1431.55,2024-05-07,2027-05-06,36,6,0,0,1,6,The product delivers value; planning to expand usage.
270,"Sullivan, Payne and Ross",Technology,SE,SMB,2023-12-07,XDR,Standard,Partner,22,4,0.2,0.437,3,0,0,0.23,284.08,2024-02-15,2025-02-14,12,12,0,0,1,5,Happy with the service; adoption is growing.
271,Galvan Ltd,Media,SW,SMB,2024-08-03,DLP,Enterprise,Partner,36,27,0.74,0.673,2,0,1,0.139,560.72,2024-09-12,2025-09-12,12,12,1,0,1,6,Happy with the service; adoption is growing.
272,Edwards LLC,Telecom,SW,SMB,2024-08-17,DLP,Enterprise,Direct,47,4,0.092,0.692,4,0,1,0.071,752.31,2024-09-04,2026-09-04,24,12,0,0,13,5,Great experience so far; features are meeting our needs.
273,"Riley, Mitchell and Miller",Technology,SE,Enterprise,2023-12-27,EDR,Standard,Direct,950,677,0.712,0.363,5,0,0,0.187,6788.96,2024-02-13,2027-02-11,36,18,0,0,1,9,Happy with the service; adoption is growing.
274,Flores Inc,Healthcare,SW,Mid-Market,2025-07-16,SASE,Pro,Direct,301,229,0.76,0.887,2,0,0,0.142,5281.38,2025-07-22,2026-07-22,12,1,0,0,1,10,Happy with the service; adoption is growing. Usage and adoption are strong across teams.
275,"Richardson, Williams and Knight",Energy,SE,Mid-Market,2025-06-20,MDR,Standard,Partner,187,136,0.729,0.412,3,1,0,0.214,3337.96,2025-08-20,2026-08-20,12,0,0,1,44,8,"Several pain points remain, but we’re open to improvements."
276,"Johnson, Copeland and Buchanan",Manufacturing,West,SMB,2025-04-30,SOAR,Pro,Partner,34,20,0.592,0.522,2,0,0,0.147,803.36,2025-07-19,2027-07-19,24,2,0,0,1,8,The product delivers value; planning to expand usage.
277,Price Inc,Finance,SE,SMB,2024-03-08,DLP,Standard,Direct,58,8,0.135,0.75,1,0,0,0.064,535.82,2024-05-31,2025-05-31,12,12,0,1,45,6,We need better outcomes to justify renewal. Pain points: low usage.
278,Hogan-Jones,Technology,NE,SMB,2024-04-14,IAM,Standard,Partner,9,6,0.652,0.376,1,0,1,0.089,94.7,2024-05-17,2025-05-17,12,16,0,0,4,7,Happy with the service; adoption is growing.
279,Bryant-Morales,Finance,West,Mid-Market,2025-08-13,SOAR,Enterprise,Direct,800,667,0.834,0.634,3,0,1,0.182,23237.74,2025-08-20,2026-08-20,12,0,0,0,1,9,Support and product quality have been solid.
280,"Long, Huff and Roberts",Technology,MW,Mid-Market,2025-01-08,MDR,Standard,Direct,380,334,0.879,0.474,4,0,1,0.141,7004.97,2025-04-04,2026-04-04,12,5,0,0,1,9,Great experience so far; features are meeting our needs.
281,Rangel-Kim,Technology,SW,SMB,2025-07-25,SOAR,Standard,Online,11,5,0.472,0.075,4,0,1,0.05,202.83,2025-07-30,2026-07-30,12,1,0,1,59,4,We need better outcomes to justify renewal. Pain points: limited feature value.
282,Mitchell Group,Manufacturing,SW,Mid-Market,2024-11-01,IAM,Pro,Partner,48,19,0.391,0.379,3,1,0,0.206,568.25,2024-12-03,2025-12-03,12,9,0,0,1,6,Happy with the service; adoption is growing.
283,"Jackson, Bond and Parker",Technology,SW,SMB,2024-03-31,IAM,Standard,Partner,16,4,0.241,0.499,3,1,0,0.154,153.09,2024-04-11,2025-04-11,12,12,0,0,1,5,Support and product quality have been solid.
284,"Williams, Frazier and Johnson",Education,SW,SMB,2025-01-18,XDR,Enterprise,Partner,24,6,0.254,0.684,4,0,0,0.217,581.24,2025-02-09,2027-02-09,24,7,0,0,1,6,The product delivers value; planning to expand usage.
285,Davis PLC,Manufacturing,NE,Mid-Market,2024-03-31,WAF,Standard,Direct,80,71,0.883,0.136,4,1,0,0.146,698.91,2024-06-18,2025-06-18,12,15,0,0,1,8,Support and product quality have been solid.
286,"Bell, Scott and Ruiz",Retail,SW,SMB,2024-02-08,IAM,Pro,Direct,62,44,0.706,0.213,5,0,1,0.082,905.53,2024-03-12,2025-03-12,12,6,0,0,6,6,Great experience so far; features are meeting our needs.
287,"Mcdonald, Garcia and Hart",Finance,SE,Mid-Market,2025-02-27,WAF,Standard,Direct,93,69,0.747,0.24,4,1,0,0.193,816.55,2025-04-01,2027-04-01,24,5,0,0,1,7,Happy with the service; adoption is growing.
288,"Koch, Taylor and Dalton",Retail,West,Enterprise,2023-12-23,SIEM,Pro,Direct,369,277,0.75,0.38,1,1,0,0.193,4818.13,2024-01-29,2025-01-28,12,12,0,0,1,8,Happy with the service; adoption is growing.
289,Hart PLC,Technology,SW,SMB,2023-12-20,IAM,Enterprise,Partner,50,45,0.898,0.616,4,0,0,0.187,854.87,2024-01-26,2027-01-24,36,6,0,0,1,8,The product delivers value; planning to expand usage.
290,"Gardner, Mahoney and Crawford",Finance,NE,Enterprise,2025-07-29,DLP,Pro,Partner,1881,915,0.487,0.731,2,0,1,0.256,17689.22,2025-08-20,2026-08-20,12,0,0,0,1,10,The product delivers value; planning to expand usage.
291,"Terry, May and Hill",Energy,SE,Mid-Market,2025-06-19,EmailSecurity,Standard,Online,214,169,0.791,0.637,3,0,0,0.079,1249.58,2025-08-20,2026-08-20,12,0,0,0,1,8,Great experience so far; features are meeting our needs.
292,Perkins-Avila,Technology,SE,Enterprise,2024-02-11,SIEM,Standard,Direct,412,124,0.302,0.769,3,0,0,0.117,4405.57,2024-05-03,2026-05-03,24,12,0,0,1,7,The product delivers value; planning to expand usage.
293,Woodward PLC,Telecom,NE,Mid-Market,2025-09-01,EDR,Standard,Partner,157,102,0.652,0.818,1,1,0,0.209,1082.91,2025-08-20,2026-08-20,12,0,0,0,1,9,The product delivers value; planning to expand usage.
294,Brown-Nelson,Healthcare,MW,Mid-Market,2024-09-23,SOAR,Standard,Direct,740,288,0.389,0.324,1,0,0,0.157,11334.81,2024-09-24,2025-09-24,12,11,1,0,1,7,Happy with the service; adoption is growing.
295,Bauer Inc,Energy,SE,SMB,2025-06-19,SASE,Standard,Direct,34,25,0.733,0.307,4,0,1,0.113,444.23,2025-08-07,2027-08-07,24,1,0,0,1,6,Support and product quality have been solid.
296,Morris LLC,Telecom,SE,Mid-Market,2024-06-16,SIEM,Standard,Partner,123,104,0.845,0.409,1,1,0,0.194,1232.29,2024-08-18,2025-08-18,12,6,1,0,1,8,Great experience so far; features are meeting our needs.
297,"Holt, Howard and Brown",Technology,MW,SMB,2025-05-28,SASE,Pro,Direct,11,2,0.214,0.823,2,1,0,0.026,220.92,2025-07-28,2027-07-28,24,1,0,0,1,7,Happy with the service; adoption is growing.
298,Carney and Sons,Healthcare,SE,SMB,2024-10-15,MDR,Pro,Direct,19,9,0.48,0.579,2,1,1,0.091,551.98,2024-10-21,2026-10-21,24,10,0,0,4,7,Happy with the service; adoption is growing.
299,"Manning, Lopez and Nelson",Government,SW,Enterprise,2025-07-12,WAF,Standard,Direct,2354,1713,0.728,0.619,2,0,0,0.136,22311.4,2025-08-20,2026-08-20,12,0,0,0,1,8,The product delivers value; planning to expand usage.
300,Henderson LLC,Retail,West,Mid-Market,2024-03-20,XDR,Standard,Direct,311,252,0.812,0.507,2,0,0,0.107,4662.97,2024-05-09,2025-05-09,12,12,0,0,1,8,Happy with the service; adoption is growing.
301,Colon-Coleman,Retail,SW,Mid-Market,2023-11-18,DLP,Pro,Direct,651,215,0.33,0.583,1,0,0,0.156,6835.08,2024-01-12,2026-01-11,24,12,0,0,1,7,The product delivers value; planning to expand usage.
302,Hicks-Little,Government,NE,Mid-Market,2025-04-20,XDR,Standard,Direct,189,120,0.637,0.875,4,0,0,0.191,2400.55,2025-06-18,2026-06-18,12,3,0,0,1,10,Support and product quality have been solid.
303,Gallagher Group,Technology,SW,Enterprise,2024-06-14,EmailSecurity,Standard,Online,4550,2592,0.57,0.329,4,0,1,0.145,23380.4,2024-09-12,2025-09-12,12,12,1,1,50,7,We need better outcomes to justify renewal. Pain points: limited feature value.
304,"Porter, Harris and Roberts",Media,West,SMB,2024-10-14,EDR,Pro,Direct,5,3,0.57,0.708,2,0,0,0.133,46.6,2024-11-24,2025-11-24,12,9,0,0,1,7,The product delivers value; planning to expand usage.
305,"Walker, Hughes and Morrow",Education,SW,SMB,2024-02-26,SASE,Pro,Direct,5,2,0.353,0.559,3,1,0,0.137,89.36,2024-05-11,2025-05-11,12,16,0,1,59,7,"Mixed experience so far; some teams see value, others struggle. Pain points: low usage."
306,Castro-Miller,Education,NE,SMB,2024-05-22,DLP,Enterprise,Direct,68,23,0.334,0.595,0,0,0,0.127,1098.23,2024-07-16,2026-07-16,24,12,0,0,1,7,The product delivers value; planning to expand usage.
307,Mcgrath-Peters,Healthcare,West,Mid-Market,2024-07-29,SIEM,Standard,Partner,320,129,0.402,0.925,1,0,0,0.21,2914.78,2024-08-21,2025-08-21,12,12,1,0,1,9,The product delivers value; planning to expand usage.
308,Petersen Group,Education,NE,Enterprise,2025-08-09,MDR,Pro,Direct,385,177,0.461,0.381,2,0,0,0.132,10118.97,2025-08-20,2027-08-20,24,0,0,0,1,8,Happy with the service; adoption is growing.
309,Foster LLC,Technology,SW,SMB,2024-05-13,MDR,Pro,Direct,28,13,0.448,0.991,3,0,0,0.103,841.39,2024-05-25,2025-05-25,12,12,0,0,1,8,Great experience so far; features are meeting our needs.
310,Wright PLC,Telecom,SE,Mid-Market,2024-11-30,SASE,Pro,Online,261,205,0.784,0.802,4,1,1,0.082,4753.62,2025-01-01,2026-01-01,12,8,0,0,1,9,The product delivers value; planning to expand usage. Usage and adoption are strong across teams.
311,Farrell-Edwards,Government,NE,SMB,2025-02-11,SOAR,Pro,Direct,27,14,0.518,0.789,1,0,0,0.04,625.97,2025-02-16,2026-02-16,12,7,0,0,1,9,The product delivers value; planning to expand usage.
312,Hart and Sons,Retail,NE,SMB,2023-11-24,SOAR,Standard,Direct,53,40,0.746,0.246,5,0,0,0.106,884.62,2024-02-03,2025-02-02,12,12,0,0,7,6,Great experience so far; features are meeting our needs.
313,"Suarez, Rose and Davis",Healthcare,West,SMB,2025-03-18,XDR,Enterprise,Direct,43,19,0.439,1.0,1,0,0,0.085,1287.37,2025-06-11,2028-06-09,36,3,0,0,1,8,Support and product quality have been solid.
314,Kelly-Humphrey,Healthcare,West,Mid-Market,2024-08-03,DLP,Enterprise,Direct,253,148,0.584,0.718,1,0,0,0.118,3715.38,2024-10-25,2025-10-25,12,10,0,0,1,9,Happy with the service; adoption is growing.
315,Fitzgerald-Gallegos,Finance,SE,SMB,2025-01-28,SIEM,Standard,Direct,31,24,0.789,0.52,2,0,0,0.124,318.54,2025-03-20,2026-03-20,12,6,0,0,1,7,The product delivers value; planning to expand usage.
316,Trujillo-Ibarra,Finance,SE,SMB,2024-02-29,IAM,Standard,Online,35,15,0.428,0.757,3,0,0,0.054,400.3,2024-05-06,2025-05-06,12,16,0,0,1,8,Happy with the service; adoption is growing.
317,Reed-Manning,Manufacturing,MW,Mid-Market,2025-08-11,SOAR,Standard,Partner,211,169,0.799,0.512,2,0,0,0.226,3011.51,2025-08-20,2026-08-20,12,0,0,0,1,8,Great experience so far; features are meeting our needs.
318,Thornton-Mendez,Energy,MW,SMB,2023-10-11,XDR,Enterprise,Partner,53,14,0.257,0.65,5,0,0,0.089,1513.67,2023-10-28,2024-10-27,12,12,0,0,3,6,Support and product quality have been solid.
319,"Knox, Wyatt and Patel",Manufacturing,West,Mid-Market,2025-05-30,SASE,Pro,Direct,146,135,0.925,0.256,2,1,0,0.138,2558.57,2025-05-30,2026-05-30,12,3,0,0,1,8,Great experience so far; features are meeting our needs.
320,"Hart, Dixon and Fisher",Telecom,NE,SMB,2025-02-15,WAF,Pro,Direct,35,21,0.595,0.989,4,0,0,0.068,456.68,2025-03-18,2026-03-18,12,6,0,0,1,9,Happy with the service; adoption is growing.
321,Finley and Sons,Manufacturing,SE,Mid-Market,2023-12-02,IAM,Standard,Partner,304,170,0.558,0.458,2,0,0,0.235,2544.21,2024-02-11,2025-02-10,12,12,0,0,1,6,Happy with the service; adoption is growing.
322,Barajas LLC,Education,NE,SMB,2024-03-11,MDR,Standard,Direct,34,12,0.342,0.333,1,0,0,0.071,701.21,2024-03-16,2025-03-16,12,6,0,1,57,6,"Mixed experience so far; some teams see value, others struggle. Pain points: low usage, limited feature value."
323,"Graham, Arias and King",Media,SE,Mid-Market,2025-06-18,SIEM,Standard,Partner,211,123,0.584,0.946,1,0,0,0.195,2063.74,2025-06-27,2026-06-27,12,2,0,0,1,10,Great experience so far; features are meeting our needs.
324,Warren-Baker,Technology,West,SMB,2024-11-26,WAF,Standard,Partner,98,62,0.635,0.715,2,0,0,0.21,746.33,2025-02-16,2027-02-16,24,6,0,0,1,8,Great experience so far; features are meeting our needs.
325,Barber-Lucas,Energy,SE,Mid-Market,2025-07-24,SOAR,Standard,Direct,350,308,0.879,0.519,2,0,0,0.129,5301.34,2025-08-12,2026-08-12,12,1,0,0,1,9,Support and product quality have been solid.
326,Buck and Sons,Retail,NE,SMB,2025-03-03,MDR,Pro,Direct,27,9,0.33,0.546,4,0,1,0.107,732.97,2025-03-08,2026-03-08,12,6,0,0,9,5,Great experience so far; features are meeting our needs.
327,"Meza, Zhang and Hughes",Finance,SW,Mid-Market,2025-01-31,IAM,Enterprise,Direct,299,140,0.468,0.2,2,1,0,0.101,5806.1,2025-03-02,2026-03-02,12,6,0,0,2,6,Support and product quality have been solid.
328,Orozco-Murray,Government,SE,SMB,2025-01-18,MDR,Pro,Partner,57,54,0.955,0.431,3,0,0,0.202,1334.1,2025-03-21,2027-03-21,24,5,0,0,1,8,Happy with the service; adoption is growing.
329,"Rodriguez, Welch and Sherman",Retail,NE,Enterprise,2024-05-18,EmailSecurity,Standard,Partner,316,225,0.713,0.098,2,0,0,0.203,1455.7,2024-06-20,2027-06-19,36,12,0,0,1,7,Support and product quality have been solid.
330,Flores-Murphy,Education,MW,SMB,2024-02-03,DLP,Standard,Direct,10,5,0.473,0.446,4,0,0,0.135,77.33,2024-02-13,2025-02-12,12,19,0,0,1,6,Support and product quality have been solid.
331,Hubbard-Price,Technology,SW,SMB,2023-11-22,SASE,Standard,Partner,40,35,0.877,0.516,3,0,0,0.209,473.02,2023-11-29,2025-11-28,24,21,0,0,1,7,The product delivers value; planning to expand usage.
332,Keller-Rios,Technology,MW,Mid-Market,2025-09-01,SIEM,Pro,Online,142,50,0.349,0.418,3,0,0,0.068,2125.44,2025-08-20,2026-08-20,12,0,0,0,10,6,Happy with the service; adoption is growing.
333,Webb Inc,Media,SE,Mid-Market,2024-07-28,XDR,Standard,Partner,72,29,0.405,0.432,2,1,0,0.213,924.19,2024-07-29,2025-07-29,12,13,1,0,1,6,Great experience so far; features are meeting our needs.
334,"Mitchell, Esparza and Carter",Finance,MW,Enterprise,2023-12-26,DLP,Pro,Direct,1583,1126,0.711,0.581,3,1,0,0.19,17258.82,2024-02-29,2025-02-28,12,12,0,0,1,9,Support and product quality have been solid.
335,Wilkins Ltd,Healthcare,SE,Mid-Market,2024-05-28,WAF,Pro,Partner,257,134,0.52,0.629,0,0,0,0.217,2762.9,2024-08-23,2025-08-23,12,12,1,0,1,6,Great experience so far; features are meeting our needs.
336,"Pollard, Davis and Brown",Manufacturing,West,SMB,2024-08-29,SIEM,Enterprise,Partner,22,5,0.224,0.889,4,0,0,0.157,432.12,2024-10-10,2026-10-10,24,11,0,0,3,6,Support and product quality have been solid.
337,Thomas-Smith,Energy,West,SMB,2024-05-31,EmailSecurity,Pro,Direct,20,16,0.784,0.609,1,1,0,0.104,157.16,2024-07-22,2025-07-22,12,13,1,0,1,7,Support and product quality have been solid.
338,Mcconnell LLC,Technology,NE,SMB,2025-01-22,IAM,Pro,Partner,21,9,0.417,0.65,1,0,0,0.153,280.5,2025-03-26,2026-03-26,12,5,0,1,40,8,Results are inconsistent across teams; need clearer ROI.
339,Ortega-Daniels,Education,West,SMB,2023-10-27,XDR,Enterprise,Partner,28,26,0.915,0.627,5,1,0,0.151,776.87,2024-01-10,2025-01-09,12,20,0,0,1,8,Happy with the service; adoption is growing.
340,"Bean, Jackson and Ford",Manufacturing,West,Mid-Market,2024-08-10,DLP,Pro,Partner,800,306,0.382,0.355,1,0,0,0.237,8313.65,2024-10-24,2025-10-24,12,10,0,0,1,8,Support and product quality have been solid.
341,"Allen, Stanley and Hernandez",Healthcare,NE,Mid-Market,2023-12-18,SIEM,Standard,Partner,161,19,0.119,0.546,3,1,0,0.222,1608.31,2024-01-16,2025-01-15,12,20,0,0,6,6,Great experience so far; features are meeting our needs.
342,"Simpson, Harrison and Taylor",Technology,SE,SMB,2023-10-27,EmailSecurity,Standard,Direct,32,15,0.468,0.87,1,0,1,0.122,172.51,2024-01-22,2026-01-21,24,19,0,0,6,8,The product delivers value; planning to expand usage.
343,Myers-Hall,Government,NE,Enterprise,2024-09-17,EDR,Standard,Partner,2550,952,0.374,0.213,2,1,0,0.217,17071.36,2024-10-30,2026-10-30,24,10,0,0,1,7,Great experience so far; features are meeting our needs.
344,"Lopez, Shah and Jones",Government,NE,SMB,2023-11-11,DLP,Enterprise,Direct,47,34,0.728,0.689,2,0,1,0.058,795.6,2024-02-03,2025-02-02,12,19,0,0,1,8,Support and product quality have been solid.
345,"Young, Boyle and Bennett",Finance,West,SMB,2025-09-12,DLP,Pro,Direct,34,18,0.543,0.337,4,0,0,0.166,365.51,2025-08-20,2027-08-20,24,0,0,0,3,6,Support and product quality have been solid.
346,Marshall-Ball,Media,West,SMB,2024-10-06,SOAR,Standard,Partner,32,6,0.198,0.522,4,0,1,0.158,494.15,2024-11-02,2025-11-02,12,10,0,0,15,6,Happy with the service; adoption is growing.
347,Wood-Estrada,Energy,SW,SMB,2025-08-10,DLP,Pro,Partner,18,11,0.618,0.809,2,1,1,0.129,196.29,2025-08-20,2026-08-20,12,0,0,1,32,8,Great experience so far; features are meeting our needs.
348,Murphy-Stanton,Healthcare,NE,SMB,2024-01-17,SOAR,Standard,Direct,31,5,0.156,0.777,0,0,0,0.071,511.18,2024-04-06,2025-04-06,12,12,0,1,37,7,Happy with the service; adoption is growing.
349,Bradley-Keith,Telecom,NE,Enterprise,2023-11-04,WAF,Standard,Direct,2974,1517,0.51,0.512,1,0,0,0.168,24075.6,2023-12-18,2025-12-17,24,12,0,0,1,8,The product delivers value; planning to expand usage.
350,Bennett PLC,Manufacturing,SE,Mid-Market,2025-07-07,EmailSecurity,Enterprise,Online,167,128,0.764,0.32,1,0,0,0.039,1823.13,2025-08-20,2027-08-20,24,0,0,0,1,7,Happy with the service; adoption is growing.
